accuracy,precision,recall,f1,roc_auc,fold
0.9666666666666667,0.9375,1.0,0.967741935483871,0.991111111111111,1
0.9833333333333333,1.0,0.9666666666666667,0.9830508474576272,1.0,2
0.9333333333333333,0.90625,0.9666666666666667,0.9354838709677419,0.9844444444444445,3
0.9833333333333333,0.96875,1.0,0.9841269841269841,0.9944382647385985,4
0.9333333333333333,0.9032258064516129,0.9655172413793104,0.9333333333333333,0.9777530589543937,5
