metric,mean,sd
accuracy,0.96,0.022607766610417534
precision,0.9431451612903226,0.03708033471645993
recall,0.9797701149425289,0.016522963518221974
f1,0.9607473942739115,0.022283398302094855
roc_auc,0.9895493758497096,0.007755890840805037
