accuracy,precision,recall,f1,roc_auc,fold
0.95,0.9090909090909091,1.0,0.9523809523809523,0.9933333333333333,1
0.9666666666666667,0.9666666666666667,0.9666666666666667,0.9666666666666667,0.9988888888888889,2
0.95,0.9655172413793104,0.9333333333333333,0.9491525423728814,0.9900000000000001,3
0.95,0.9655172413793104,0.9333333333333333,0.9491525423728814,0.99,4
0.95,0.9090909090909091,1.0,0.9523809523809523,0.9788888888888889,5
