metric,mean,sd
accuracy,0.9533333333333334,0.006666666666666687
precision,0.943176593521421,0.027834009398512157
recall,0.9666666666666668,0.029814239699997188
f1,0.9539467312348668,0.006521787759758199
roc_auc,0.9902222222222223,0.006531972647421806
